Reef,Site,CCI,GCM,NOAA,Chi-Square p-value
Houtman Abrolhos,HAB05B,10,15,11,0.5580351457700471
Houtman Abrolhos,HAB10A,11,15,11,0.6489286981868463
Scott Reef,SCOTT_RPO_1,24,14,27,0.11783598978051331
Scott Reef,SCOTTSL1,25,13,27,0.07092347173402515
