Reef,Site,CCI,Coral Core (CCI),Coral Core (NOAA),GCM,NOAA,Chi-Square p-value
Browse Island,BRS07,10,2,3,5,12,0.01689250070851602
Cocos Keeling Island,DAR Long,9,0,0,13,1,2.347251374764223e-6
Ningaloo Reef,08BND,8,4,1,3,5,0.1724476074242379
Ningaloo Reef,08TNT,5,1,0,3,4,0.15766386097224402
Ningaloo Reef,13BND,3,0,0,0,2,0.09157819444367093
Ningaloo Reef,13TNT,4,1,0,1,4,0.13588822540043324
